Tarama Zamanı,Otel Adı,Tarih,Durum,Rezervasyon
27.03.2026 22:32,Wyndham Alanya 🏆,31 Ağu - 4 Eyl (Pzt - Cuma),✅ BOŞ ODA BULUNDU!,https://www.wyndhamhotels.com/wyndham/antalya-turkiye/wyndham-alanya/rooms-rates?brand_id=ALL&checkInDate=8%2F31%2F2026&checkOutDate=9%2F4%2F2026&useWRPoints=true&children=0&adults=1&rooms=1
28.03.2026 10:36,Ramada Resort Akbük,31 Ağu - 4 Eyl (Pzt - Cuma),✅ BOŞ ODA BULUNDU!,https://www.wyndhamhotels.com/ramada/aydin-turkiye/ramada-resort-akbuk/rooms-rates?brand_id=ALL&checkInDate=8%2F31%2F2026&checkOutDate=9%2F4%2F2026&useWRPoints=true&children=0&adults=1&rooms=1
28.03.2026 10:36,Ramada Resort Side,6 Tem - 10 Tem (Pzt - Cuma),✅ BOŞ ODA BULUNDU!,https://www.wyndhamhotels.com/ramada/antalya-turkiye/ramada-resort-side/rooms-rates?brand_id=ALL&checkInDate=7%2F6%2F2026&checkOutDate=7%2F10%2F2026&useWRPoints=true&children=0&adults=1&rooms=1
28.03.2026 10:36,Ramada Resort Side,13 Tem - 17 Tem (Pzt - Cuma),✅ BOŞ ODA BULUNDU!,https://www.wyndhamhotels.com/ramada/antalya-turkiye/ramada-resort-side/rooms-rates?brand_id=ALL&checkInDate=7%2F13%2F2026&checkOutDate=7%2F17%2F2026&useWRPoints=true&children=0&adults=1&rooms=1
28.03.2026 10:36,Ramada Resort Side,3 Ağu - 7 Ağu (Pzt - Cuma),✅ BOŞ ODA BULUNDU!,https://www.wyndhamhotels.com/ramada/antalya-turkiye/ramada-resort-side/rooms-rates?brand_id=ALL&checkInDate=8%2F3%2F2026&checkOutDate=8%2F7%2F2026&useWRPoints=true&children=0&adults=1&rooms=1
28.03.2026 10:36,Ramada Resort Side,17 Ağu - 21 Ağu (Pzt - Cuma),✅ BOŞ ODA BULUNDU!,https://www.wyndhamhotels.com/ramada/antalya-turkiye/ramada-resort-side/rooms-rates?brand_id=ALL&checkInDate=8%2F17%2F2026&checkOutDate=8%2F21%2F2026&useWRPoints=true&children=0&adults=1&rooms=1
28.03.2026 20:59,Wyndham Alanya 🏆,27 Tem - 31 Tem (Pzt - Cuma),✅ BOŞ ODA BULUNDU!,https://www.wyndhamhotels.com/wyndham/antalya-turkiye/wyndham-alanya/rooms-rates?brand_id=ALL&checkInDate=7%2F27%2F2026&checkOutDate=7%2F31%2F2026&useWRPoints=true&children=0&adults=1&rooms=1
28.03.2026 20:59,Wyndham Alanya 🏆,3 Ağu - 7 Ağu (Pzt - Cuma),✅ BOŞ ODA BULUNDU!,https://www.wyndhamhotels.com/wyndham/antalya-turkiye/wyndham-alanya/rooms-rates?brand_id=ALL&checkInDate=8%2F3%2F2026&checkOutDate=8%2F7%2F2026&useWRPoints=true&children=0&adults=1&rooms=1
28.03.2026 20:59,Wyndham Alanya 🏆,10 Ağu - 14 Ağu (Pzt - Cuma),✅ BOŞ ODA BULUNDU!,https://www.wyndhamhotels.com/wyndham/antalya-turkiye/wyndham-alanya/rooms-rates?brand_id=ALL&checkInDate=8%2F10%2F2026&checkOutDate=8%2F14%2F2026&useWRPoints=true&children=0&adults=1&rooms=1
28.03.2026 20:59,Wyndham Alanya 🏆,17 Ağu - 21 Ağu (Pzt - Cuma),✅ BOŞ ODA BULUNDU!,https://www.wyndhamhotels.com/wyndham/antalya-turkiye/wyndham-alanya/rooms-rates?brand_id=ALL&checkInDate=8%2F17%2F2026&checkOutDate=8%2F21%2F2026&useWRPoints=true&children=0&adults=1&rooms=1
28.03.2026 20:59,Wyndham Alanya 🏆,24 Ağu - 28 Ağu (Pzt - Cuma),✅ BOŞ ODA BULUNDU!,https://www.wyndhamhotels.com/wyndham/antalya-turkiye/wyndham-alanya/rooms-rates?brand_id=ALL&checkInDate=8%2F24%2F2026&checkOutDate=8%2F28%2F2026&useWRPoints=true&children=0&adults=1&rooms=1
29.03.2026 10:56,Ramada Resort Akbük,24 Ağu - 28 Ağu (Pzt - Cuma),✅ BOŞ ODA BULUNDU!,https://www.wyndhamhotels.com/ramada/aydin-turkiye/ramada-resort-akbuk/rooms-rates?brand_id=ALL&checkInDate=8%2F24%2F2026&checkOutDate=8%2F28%2F2026&useWRPoints=true&children=0&adults=1&rooms=1
29.03.2026 10:56,Wyndham Garden Lara,13 Tem - 17 Tem (Pzt - Cuma),✅ BOŞ ODA BULUNDU!,https://www.wyndhamhotels.com/wyndham-garden/antalya-turkiye/wyndham-garden-lara/rooms-rates?brand_id=ALL&checkInDate=7%2F13%2F2026&checkOutDate=7%2F17%2F2026&useWRPoints=true&children=0&adults=1&rooms=1
29.03.2026 10:56,Wyndham Garden Lara,27 Tem - 31 Tem (Pzt - Cuma),✅ BOŞ ODA BULUNDU!,https://www.wyndhamhotels.com/wyndham-garden/antalya-turkiye/wyndham-garden-lara/rooms-rates?brand_id=ALL&checkInDate=7%2F27%2F2026&checkOutDate=7%2F31%2F2026&useWRPoints=true&children=0&adults=1&rooms=1
30.03.2026 12:58,Ramada Resort Akbük,27 Tem - 31 Tem (Pzt - Cuma),✅ BOŞ ODA BULUNDU!,https://www.wyndhamhotels.com/ramada/aydin-turkiye/ramada-resort-akbuk/rooms-rates?brand_id=ALL&checkInDate=7%2F27%2F2026&checkOutDate=7%2F31%2F2026&useWRPoints=true&children=0&adults=1&rooms=1
30.03.2026 12:58,Ramada Resort Side,20 Tem - 24 Tem (Pzt - Cuma),✅ BOŞ ODA BULUNDU!,https://www.wyndhamhotels.com/ramada/antalya-turkiye/ramada-resort-side/rooms-rates?brand_id=ALL&checkInDate=7%2F20%2F2026&checkOutDate=7%2F24%2F2026&useWRPoints=true&children=0&adults=1&rooms=1
30.03.2026 22:59,Ramada Resort Akbük,6 Tem - 10 Tem (Pzt - Cuma),✅ BOŞ ODA BULUNDU!,https://www.wyndhamhotels.com/ramada/aydin-turkiye/ramada-resort-akbuk/rooms-rates?brand_id=ALL&checkInDate=7%2F6%2F2026&checkOutDate=7%2F10%2F2026&useWRPoints=true&children=0&adults=1&rooms=1
30.03.2026 22:59,Ramada Resort Akbük,13 Tem - 17 Tem (Pzt - Cuma),✅ BOŞ ODA BULUNDU!,https://www.wyndhamhotels.com/ramada/aydin-turkiye/ramada-resort-akbuk/rooms-rates?brand_id=ALL&checkInDate=7%2F13%2F2026&checkOutDate=7%2F17%2F2026&useWRPoints=true&children=0&adults=1&rooms=1
30.03.2026 22:59,Ramada Resort Akbük,20 Tem - 24 Tem (Pzt - Cuma),✅ BOŞ ODA BULUNDU!,https://www.wyndhamhotels.com/ramada/aydin-turkiye/ramada-resort-akbuk/rooms-rates?brand_id=ALL&checkInDate=7%2F20%2F2026&checkOutDate=7%2F24%2F2026&useWRPoints=true&children=0&adults=1&rooms=1
30.03.2026 22:59,Ramada Resort Akbük,3 Ağu - 7 Ağu (Pzt - Cuma),✅ BOŞ ODA BULUNDU!,https://www.wyndhamhotels.com/ramada/aydin-turkiye/ramada-resort-akbuk/rooms-rates?brand_id=ALL&checkInDate=8%2F3%2F2026&checkOutDate=8%2F7%2F2026&useWRPoints=true&children=0&adults=1&rooms=1
30.03.2026 22:59,Ramada Resort Akbük,10 Ağu - 14 Ağu (Pzt - Cuma),✅ BOŞ ODA BULUNDU!,https://www.wyndhamhotels.com/ramada/aydin-turkiye/ramada-resort-akbuk/rooms-rates?brand_id=ALL&checkInDate=8%2F10%2F2026&checkOutDate=8%2F14%2F2026&useWRPoints=true&children=0&adults=1&rooms=1
30.03.2026 22:59,Ramada Resort Akbük,17 Ağu - 21 Ağu (Pzt - Cuma),✅ BOŞ ODA BULUNDU!,https://www.wyndhamhotels.com/ramada/aydin-turkiye/ramada-resort-akbuk/rooms-rates?brand_id=ALL&checkInDate=8%2F17%2F2026&checkOutDate=8%2F21%2F2026&useWRPoints=true&children=0&adults=1&rooms=1
30.03.2026 22:59,Wyndham Garden Lara,29 Haz - 3 Tem (Pzt - Cuma),✅ BOŞ ODA BULUNDU!,https://www.wyndhamhotels.com/wyndham-garden/antalya-turkiye/wyndham-garden-lara/rooms-rates?brand_id=ALL&checkInDate=6%2F29%2F2026&checkOutDate=7%2F3%2F2026&useWRPoints=true&children=0&adults=1&rooms=1
30.03.2026 22:59,Wyndham Garden Lara,6 Tem - 10 Tem (Pzt - Cuma),✅ BOŞ ODA BULUNDU!,https://www.wyndhamhotels.com/wyndham-garden/antalya-turkiye/wyndham-garden-lara/rooms-rates?brand_id=ALL&checkInDate=7%2F6%2F2026&checkOutDate=7%2F10%2F2026&useWRPoints=true&children=0&adults=1&rooms=1
30.03.2026 22:59,Wyndham Garden Lara,17 Ağu - 21 Ağu (Pzt - Cuma),✅ BOŞ ODA BULUNDU!,https://www.wyndhamhotels.com/wyndham-garden/antalya-turkiye/wyndham-garden-lara/rooms-rates?brand_id=ALL&checkInDate=8%2F17%2F2026&checkOutDate=8%2F21%2F2026&useWRPoints=true&children=0&adults=1&rooms=1
30.03.2026 22:59,Ramada Resort Side,27 Tem - 31 Tem (Pzt - Cuma),✅ BOŞ ODA BULUNDU!,https://www.wyndhamhotels.com/ramada/antalya-turkiye/ramada-resort-side/rooms-rates?brand_id=ALL&checkInDate=7%2F27%2F2026&checkOutDate=7%2F31%2F2026&useWRPoints=true&children=0&adults=1&rooms=1
31.03.2026 11:40,Wyndham Alanya 🏆,29 Haz - 3 Tem (Pzt - Cuma),✅ BOŞ ODA BULUNDU!,https://www.wyndhamhotels.com/wyndham/antalya-turkiye/wyndham-alanya/rooms-rates?brand_id=ALL&checkInDate=6%2F29%2F2026&checkOutDate=7%2F3%2F2026&useWRPoints=true&children=0&adults=1&rooms=1
31.03.2026 11:40,Ramada Resort Akbük,29 Haz - 3 Tem (Pzt - Cuma),✅ BOŞ ODA BULUNDU!,https://www.wyndhamhotels.com/ramada/aydin-turkiye/ramada-resort-akbuk/rooms-rates?brand_id=ALL&checkInDate=6%2F29%2F2026&checkOutDate=7%2F3%2F2026&useWRPoints=true&children=0&adults=1&rooms=1
31.03.2026 11:40,Ramada Hotel & Suites Kuşadası,29 Haz - 3 Tem (Pzt - Cuma),✅ BOŞ ODA BULUNDU!,https://www.wyndhamhotels.com/ramada/kusadasi-turkiye/ramada-hotel-and-suites-kusadasi/rooms-rates?brand_id=ALL&checkInDate=6%2F29%2F2026&checkOutDate=7%2F3%2F2026&useWRPoints=true&children=0&adults=1&rooms=1
31.03.2026 11:40,Ramada Hotel & Suites Kuşadası,6 Tem - 10 Tem (Pzt - Cuma),✅ BOŞ ODA BULUNDU!,https://www.wyndhamhotels.com/ramada/kusadasi-turkiye/ramada-hotel-and-suites-kusadasi/rooms-rates?brand_id=ALL&checkInDate=7%2F6%2F2026&checkOutDate=7%2F10%2F2026&useWRPoints=true&children=0&adults=1&rooms=1
31.03.2026 11:40,Ramada Hotel & Suites Kuşadası,13 Tem - 17 Tem (Pzt - Cuma),✅ BOŞ ODA BULUNDU!,https://www.wyndhamhotels.com/ramada/kusadasi-turkiye/ramada-hotel-and-suites-kusadasi/rooms-rates?brand_id=ALL&checkInDate=7%2F13%2F2026&checkOutDate=7%2F17%2F2026&useWRPoints=true&children=0&adults=1&rooms=1
31.03.2026 11:40,Ramada Hotel & Suites Kuşadası,20 Tem - 24 Tem (Pzt - Cuma),✅ BOŞ ODA BULUNDU!,https://www.wyndhamhotels.com/ramada/kusadasi-turkiye/ramada-hotel-and-suites-kusadasi/rooms-rates?brand_id=ALL&checkInDate=7%2F20%2F2026&checkOutDate=7%2F24%2F2026&useWRPoints=true&children=0&adults=1&rooms=1
31.03.2026 11:40,Ramada Hotel & Suites Kuşadası,27 Tem - 31 Tem (Pzt - Cuma),✅ BOŞ ODA BULUNDU!,https://www.wyndhamhotels.com/ramada/kusadasi-turkiye/ramada-hotel-and-suites-kusadasi/rooms-rates?brand_id=ALL&checkInDate=7%2F27%2F2026&checkOutDate=7%2F31%2F2026&useWRPoints=true&children=0&adults=1&rooms=1
31.03.2026 11:40,Ramada Hotel & Suites Kuşadası,3 Ağu - 7 Ağu (Pzt - Cuma),✅ BOŞ ODA BULUNDU!,https://www.wyndhamhotels.com/ramada/kusadasi-turkiye/ramada-hotel-and-suites-kusadasi/rooms-rates?brand_id=ALL&checkInDate=8%2F3%2F2026&checkOutDate=8%2F7%2F2026&useWRPoints=true&children=0&adults=1&rooms=1
31.03.2026 11:40,Ramada Hotel & Suites Kuşadası,10 Ağu - 14 Ağu (Pzt - Cuma),✅ BOŞ ODA BULUNDU!,https://www.wyndhamhotels.com/ramada/kusadasi-turkiye/ramada-hotel-and-suites-kusadasi/rooms-rates?brand_id=ALL&checkInDate=8%2F10%2F2026&checkOutDate=8%2F14%2F2026&useWRPoints=true&children=0&adults=1&rooms=1
31.03.2026 11:40,Ramada Hotel & Suites Kuşadası,17 Ağu - 21 Ağu (Pzt - Cuma),✅ BOŞ ODA BULUNDU!,https://www.wyndhamhotels.com/ramada/kusadasi-turkiye/ramada-hotel-and-suites-kusadasi/rooms-rates?brand_id=ALL&checkInDate=8%2F17%2F2026&checkOutDate=8%2F21%2F2026&useWRPoints=true&children=0&adults=1&rooms=1
31.03.2026 11:40,Ramada Hotel & Suites Kuşadası,24 Ağu - 28 Ağu (Pzt - Cuma),✅ BOŞ ODA BULUNDU!,https://www.wyndhamhotels.com/ramada/kusadasi-turkiye/ramada-hotel-and-suites-kusadasi/rooms-rates?brand_id=ALL&checkInDate=8%2F24%2F2026&checkOutDate=8%2F28%2F2026&useWRPoints=true&children=0&adults=1&rooms=1
31.03.2026 11:40,Ramada Hotel & Suites Kuşadası,31 Ağu - 4 Eyl (Pzt - Cuma),✅ BOŞ ODA BULUNDU!,https://www.wyndhamhotels.com/ramada/kusadasi-turkiye/ramada-hotel-and-suites-kusadasi/rooms-rates?brand_id=ALL&checkInDate=8%2F31%2F2026&checkOutDate=9%2F4%2F2026&useWRPoints=true&children=0&adults=1&rooms=1
31.03.2026 11:40,Ramada Resort Kuşadası,29 Haz - 3 Tem (Pzt - Cuma),✅ BOŞ ODA BULUNDU!,https://www.wyndhamhotels.com/ramada/kusadasi-turkiye/ramada-resort-kusadasi/rooms-rates?brand_id=ALL&checkInDate=6%2F29%2F2026&checkOutDate=7%2F3%2F2026&useWRPoints=true&children=0&adults=1&rooms=1
31.03.2026 11:40,Ramada Resort Kuşadası,6 Tem - 10 Tem (Pzt - Cuma),✅ BOŞ ODA BULUNDU!,https://www.wyndhamhotels.com/ramada/kusadasi-turkiye/ramada-resort-kusadasi/rooms-rates?brand_id=ALL&checkInDate=7%2F6%2F2026&checkOutDate=7%2F10%2F2026&useWRPoints=true&children=0&adults=1&rooms=1
31.03.2026 11:40,Ramada Resort Kuşadası,13 Tem - 17 Tem (Pzt - Cuma),✅ BOŞ ODA BULUNDU!,https://www.wyndhamhotels.com/ramada/kusadasi-turkiye/ramada-resort-kusadasi/rooms-rates?brand_id=ALL&checkInDate=7%2F13%2F2026&checkOutDate=7%2F17%2F2026&useWRPoints=true&children=0&adults=1&rooms=1
31.03.2026 11:40,Ramada Resort Kuşadası,20 Tem - 24 Tem (Pzt - Cuma),✅ BOŞ ODA BULUNDU!,https://www.wyndhamhotels.com/ramada/kusadasi-turkiye/ramada-resort-kusadasi/rooms-rates?brand_id=ALL&checkInDate=7%2F20%2F2026&checkOutDate=7%2F24%2F2026&useWRPoints=true&children=0&adults=1&rooms=1
31.03.2026 11:40,Ramada Resort Kuşadası,27 Tem - 31 Tem (Pzt - Cuma),✅ BOŞ ODA BULUNDU!,https://www.wyndhamhotels.com/ramada/kusadasi-turkiye/ramada-resort-kusadasi/rooms-rates?brand_id=ALL&checkInDate=7%2F27%2F2026&checkOutDate=7%2F31%2F2026&useWRPoints=true&children=0&adults=1&rooms=1
31.03.2026 11:40,Ramada Resort Kuşadası,3 Ağu - 7 Ağu (Pzt - Cuma),✅ BOŞ ODA BULUNDU!,https://www.wyndhamhotels.com/ramada/kusadasi-turkiye/ramada-resort-kusadasi/rooms-rates?brand_id=ALL&checkInDate=8%2F3%2F2026&checkOutDate=8%2F7%2F2026&useWRPoints=true&children=0&adults=1&rooms=1
31.03.2026 11:40,Ramada Resort Kuşadası,10 Ağu - 14 Ağu (Pzt - Cuma),✅ BOŞ ODA BULUNDU!,https://www.wyndhamhotels.com/ramada/kusadasi-turkiye/ramada-resort-kusadasi/rooms-rates?brand_id=ALL&checkInDate=8%2F10%2F2026&checkOutDate=8%2F14%2F2026&useWRPoints=true&children=0&adults=1&rooms=1
31.03.2026 11:40,Ramada Resort Kuşadası,17 Ağu - 21 Ağu (Pzt - Cuma),✅ BOŞ ODA BULUNDU!,https://www.wyndhamhotels.com/ramada/kusadasi-turkiye/ramada-resort-kusadasi/rooms-rates?brand_id=ALL&checkInDate=8%2F17%2F2026&checkOutDate=8%2F21%2F2026&useWRPoints=true&children=0&adults=1&rooms=1
31.03.2026 11:40,Ramada Resort Kuşadası,24 Ağu - 28 Ağu (Pzt - Cuma),✅ BOŞ ODA BULUNDU!,https://www.wyndhamhotels.com/ramada/kusadasi-turkiye/ramada-resort-kusadasi/rooms-rates?brand_id=ALL&checkInDate=8%2F24%2F2026&checkOutDate=8%2F28%2F2026&useWRPoints=true&children=0&adults=1&rooms=1
31.03.2026 11:40,Ramada Resort Kuşadası,31 Ağu - 4 Eyl (Pzt - Cuma),✅ BOŞ ODA BULUNDU!,https://www.wyndhamhotels.com/ramada/kusadasi-turkiye/ramada-resort-kusadasi/rooms-rates?brand_id=ALL&checkInDate=8%2F31%2F2026&checkOutDate=9%2F4%2F2026&useWRPoints=true&children=0&adults=1&rooms=1
31.03.2026 11:40,Ramada Tire,29 Haz - 3 Tem (Pzt - Cuma),✅ BOŞ ODA BULUNDU!,https://www.wyndhamhotels.com/ramada/izmir-turkiye/ramada-by-wyndham-tire/rooms-rates?brand_id=ALL&checkInDate=6%2F29%2F2026&checkOutDate=7%2F3%2F2026&useWRPoints=true&children=0&adults=1&rooms=1
31.03.2026 11:40,Ramada Tire,6 Tem - 10 Tem (Pzt - Cuma),✅ BOŞ ODA BULUNDU!,https://www.wyndhamhotels.com/ramada/izmir-turkiye/ramada-by-wyndham-tire/rooms-rates?brand_id=ALL&checkInDate=7%2F6%2F2026&checkOutDate=7%2F10%2F2026&useWRPoints=true&children=0&adults=1&rooms=1
31.03.2026 11:40,Ramada Tire,13 Tem - 17 Tem (Pzt - Cuma),✅ BOŞ ODA BULUNDU!,https://www.wyndhamhotels.com/ramada/izmir-turkiye/ramada-by-wyndham-tire/rooms-rates?brand_id=ALL&checkInDate=7%2F13%2F2026&checkOutDate=7%2F17%2F2026&useWRPoints=true&children=0&adults=1&rooms=1
31.03.2026 11:40,Ramada Tire,20 Tem - 24 Tem (Pzt - Cuma),✅ BOŞ ODA BULUNDU!,https://www.wyndhamhotels.com/ramada/izmir-turkiye/ramada-by-wyndham-tire/rooms-rates?brand_id=ALL&checkInDate=7%2F20%2F2026&checkOutDate=7%2F24%2F2026&useWRPoints=true&children=0&adults=1&rooms=1
31.03.2026 11:40,Ramada Tire,27 Tem - 31 Tem (Pzt - Cuma),✅ BOŞ ODA BULUNDU!,https://www.wyndhamhotels.com/ramada/izmir-turkiye/ramada-by-wyndham-tire/rooms-rates?brand_id=ALL&checkInDate=7%2F27%2F2026&checkOutDate=7%2F31%2F2026&useWRPoints=true&children=0&adults=1&rooms=1
31.03.2026 11:40,Ramada Tire,3 Ağu - 7 Ağu (Pzt - Cuma),✅ BOŞ ODA BULUNDU!,https://www.wyndhamhotels.com/ramada/izmir-turkiye/ramada-by-wyndham-tire/rooms-rates?brand_id=ALL&checkInDate=8%2F3%2F2026&checkOutDate=8%2F7%2F2026&useWRPoints=true&children=0&adults=1&rooms=1
31.03.2026 11:40,Ramada Tire,10 Ağu - 14 Ağu (Pzt - Cuma),✅ BOŞ ODA BULUNDU!,https://www.wyndhamhotels.com/ramada/izmir-turkiye/ramada-by-wyndham-tire/rooms-rates?brand_id=ALL&checkInDate=8%2F10%2F2026&checkOutDate=8%2F14%2F2026&useWRPoints=true&children=0&adults=1&rooms=1
31.03.2026 11:40,Ramada Tire,17 Ağu - 21 Ağu (Pzt - Cuma),✅ BOŞ ODA BULUNDU!,https://www.wyndhamhotels.com/ramada/izmir-turkiye/ramada-by-wyndham-tire/rooms-rates?brand_id=ALL&checkInDate=8%2F17%2F2026&checkOutDate=8%2F21%2F2026&useWRPoints=true&children=0&adults=1&rooms=1
31.03.2026 11:40,Ramada Tire,24 Ağu - 28 Ağu (Pzt - Cuma),✅ BOŞ ODA BULUNDU!,https://www.wyndhamhotels.com/ramada/izmir-turkiye/ramada-by-wyndham-tire/rooms-rates?brand_id=ALL&checkInDate=8%2F24%2F2026&checkOutDate=8%2F28%2F2026&useWRPoints=true&children=0&adults=1&rooms=1
31.03.2026 11:40,Ramada Tire,31 Ağu - 4 Eyl (Pzt - Cuma),✅ BOŞ ODA BULUNDU!,https://www.wyndhamhotels.com/ramada/izmir-turkiye/ramada-by-wyndham-tire/rooms-rates?brand_id=ALL&checkInDate=8%2F31%2F2026&checkOutDate=9%2F4%2F2026&useWRPoints=true&children=0&adults=1&rooms=1
31.03.2026 11:40,Wyndham Garden Lara,20 Tem - 24 Tem (Pzt - Cuma),✅ BOŞ ODA BULUNDU!,https://www.wyndhamhotels.com/wyndham-garden/antalya-turkiye/wyndham-garden-lara/rooms-rates?brand_id=ALL&checkInDate=7%2F20%2F2026&checkOutDate=7%2F24%2F2026&useWRPoints=true&children=0&adults=1&rooms=1
31.03.2026 11:40,Ramada Resort Lara,29 Haz - 3 Tem (Pzt - Cuma),✅ BOŞ ODA BULUNDU!,https://www.wyndhamhotels.com/ramada/antalya-turkiye/ramada-resort-lara/rooms-rates?brand_id=ALL&checkInDate=6%2F29%2F2026&checkOutDate=7%2F3%2F2026&useWRPoints=true&children=0&adults=1&rooms=1
31.03.2026 11:40,Ramada Resort Lara,6 Tem - 10 Tem (Pzt - Cuma),✅ BOŞ ODA BULUNDU!,https://www.wyndhamhotels.com/ramada/antalya-turkiye/ramada-resort-lara/rooms-rates?brand_id=ALL&checkInDate=7%2F6%2F2026&checkOutDate=7%2F10%2F2026&useWRPoints=true&children=0&adults=1&rooms=1
31.03.2026 11:40,Ramada Resort Lara,13 Tem - 17 Tem (Pzt - Cuma),✅ BOŞ ODA BULUNDU!,https://www.wyndhamhotels.com/ramada/antalya-turkiye/ramada-resort-lara/rooms-rates?brand_id=ALL&checkInDate=7%2F13%2F2026&checkOutDate=7%2F17%2F2026&useWRPoints=true&children=0&adults=1&rooms=1
31.03.2026 11:40,Ramada Resort Lara,20 Tem - 24 Tem (Pzt - Cuma),✅ BOŞ ODA BULUNDU!,https://www.wyndhamhotels.com/ramada/antalya-turkiye/ramada-resort-lara/rooms-rates?brand_id=ALL&checkInDate=7%2F20%2F2026&checkOutDate=7%2F24%2F2026&useWRPoints=true&children=0&adults=1&rooms=1
31.03.2026 11:40,Ramada Resort Lara,27 Tem - 31 Tem (Pzt - Cuma),✅ BOŞ ODA BULUNDU!,https://www.wyndhamhotels.com/ramada/antalya-turkiye/ramada-resort-lara/rooms-rates?brand_id=ALL&checkInDate=7%2F27%2F2026&checkOutDate=7%2F31%2F2026&useWRPoints=true&children=0&adults=1&rooms=1
31.03.2026 11:40,Ramada Resort Lara,3 Ağu - 7 Ağu (Pzt - Cuma),✅ BOŞ ODA BULUNDU!,https://www.wyndhamhotels.com/ramada/antalya-turkiye/ramada-resort-lara/rooms-rates?brand_id=ALL&checkInDate=8%2F3%2F2026&checkOutDate=8%2F7%2F2026&useWRPoints=true&children=0&adults=1&rooms=1
31.03.2026 11:40,Ramada Resort Lara,10 Ağu - 14 Ağu (Pzt - Cuma),✅ BOŞ ODA BULUNDU!,https://www.wyndhamhotels.com/ramada/antalya-turkiye/ramada-resort-lara/rooms-rates?brand_id=ALL&checkInDate=8%2F10%2F2026&checkOutDate=8%2F14%2F2026&useWRPoints=true&children=0&adults=1&rooms=1
31.03.2026 11:40,Ramada Resort Lara,17 Ağu - 21 Ağu (Pzt - Cuma),✅ BOŞ ODA BULUNDU!,https://www.wyndhamhotels.com/ramada/antalya-turkiye/ramada-resort-lara/rooms-rates?brand_id=ALL&checkInDate=8%2F17%2F2026&checkOutDate=8%2F21%2F2026&useWRPoints=true&children=0&adults=1&rooms=1
31.03.2026 11:40,Ramada Resort Lara,24 Ağu - 28 Ağu (Pzt - Cuma),✅ BOŞ ODA BULUNDU!,https://www.wyndhamhotels.com/ramada/antalya-turkiye/ramada-resort-lara/rooms-rates?brand_id=ALL&checkInDate=8%2F24%2F2026&checkOutDate=8%2F28%2F2026&useWRPoints=true&children=0&adults=1&rooms=1
31.03.2026 11:40,Ramada Resort Lara,31 Ağu - 4 Eyl (Pzt - Cuma),✅ BOŞ ODA BULUNDU!,https://www.wyndhamhotels.com/ramada/antalya-turkiye/ramada-resort-lara/rooms-rates?brand_id=ALL&checkInDate=8%2F31%2F2026&checkOutDate=9%2F4%2F2026&useWRPoints=true&children=0&adults=1&rooms=1
31.03.2026 11:40,Ramada Resort Side,29 Haz - 3 Tem (Pzt - Cuma),✅ BOŞ ODA BULUNDU!,https://www.wyndhamhotels.com/ramada/antalya-turkiye/ramada-resort-side/rooms-rates?brand_id=ALL&checkInDate=6%2F29%2F2026&checkOutDate=7%2F3%2F2026&useWRPoints=true&children=0&adults=1&rooms=1
31.03.2026 11:40,Ramada Resort Side,10 Ağu - 14 Ağu (Pzt - Cuma),✅ BOŞ ODA BULUNDU!,https://www.wyndhamhotels.com/ramada/antalya-turkiye/ramada-resort-side/rooms-rates?brand_id=ALL&checkInDate=8%2F10%2F2026&checkOutDate=8%2F14%2F2026&useWRPoints=true&children=0&adults=1&rooms=1
31.03.2026 11:40,Ramada Resort Side,24 Ağu - 28 Ağu (Pzt - Cuma),✅ BOŞ ODA BULUNDU!,https://www.wyndhamhotels.com/ramada/antalya-turkiye/ramada-resort-side/rooms-rates?brand_id=ALL&checkInDate=8%2F24%2F2026&checkOutDate=8%2F28%2F2026&useWRPoints=true&children=0&adults=1&rooms=1
31.03.2026 11:40,Ramada Encore İzmir,29 Haz - 3 Tem (Pzt - Cuma),✅ BOŞ ODA BULUNDU!,https://www.wyndhamhotels.com/ramada/izmir-turkiye/ramada-encore-izmir/rooms-rates?brand_id=ALL&checkInDate=6%2F29%2F2026&checkOutDate=7%2F3%2F2026&useWRPoints=true&children=0&adults=1&rooms=1
31.03.2026 11:40,Ramada Encore İzmir,6 Tem - 10 Tem (Pzt - Cuma),✅ BOŞ ODA BULUNDU!,https://www.wyndhamhotels.com/ramada/izmir-turkiye/ramada-encore-izmir/rooms-rates?brand_id=ALL&checkInDate=7%2F6%2F2026&checkOutDate=7%2F10%2F2026&useWRPoints=true&children=0&adults=1&rooms=1
31.03.2026 11:40,Ramada Encore İzmir,13 Tem - 17 Tem (Pzt - Cuma),✅ BOŞ ODA BULUNDU!,https://www.wyndhamhotels.com/ramada/izmir-turkiye/ramada-encore-izmir/rooms-rates?brand_id=ALL&checkInDate=7%2F13%2F2026&checkOutDate=7%2F17%2F2026&useWRPoints=true&children=0&adults=1&rooms=1
31.03.2026 11:40,Ramada Encore İzmir,20 Tem - 24 Tem (Pzt - Cuma),✅ BOŞ ODA BULUNDU!,https://www.wyndhamhotels.com/ramada/izmir-turkiye/ramada-encore-izmir/rooms-rates?brand_id=ALL&checkInDate=7%2F20%2F2026&checkOutDate=7%2F24%2F2026&useWRPoints=true&children=0&adults=1&rooms=1
31.03.2026 11:40,Ramada Encore İzmir,27 Tem - 31 Tem (Pzt - Cuma),✅ BOŞ ODA BULUNDU!,https://www.wyndhamhotels.com/ramada/izmir-turkiye/ramada-encore-izmir/rooms-rates?brand_id=ALL&checkInDate=7%2F27%2F2026&checkOutDate=7%2F31%2F2026&useWRPoints=true&children=0&adults=1&rooms=1
31.03.2026 11:40,Ramada Encore İzmir,3 Ağu - 7 Ağu (Pzt - Cuma),✅ BOŞ ODA BULUNDU!,https://www.wyndhamhotels.com/ramada/izmir-turkiye/ramada-encore-izmir/rooms-rates?brand_id=ALL&checkInDate=8%2F3%2F2026&checkOutDate=8%2F7%2F2026&useWRPoints=true&children=0&adults=1&rooms=1
31.03.2026 11:40,Ramada Encore İzmir,10 Ağu - 14 Ağu (Pzt - Cuma),✅ BOŞ ODA BULUNDU!,https://www.wyndhamhotels.com/ramada/izmir-turkiye/ramada-encore-izmir/rooms-rates?brand_id=ALL&checkInDate=8%2F10%2F2026&checkOutDate=8%2F14%2F2026&useWRPoints=true&children=0&adults=1&rooms=1
31.03.2026 11:40,Ramada Encore İzmir,17 Ağu - 21 Ağu (Pzt - Cuma),✅ BOŞ ODA BULUNDU!,https://www.wyndhamhotels.com/ramada/izmir-turkiye/ramada-encore-izmir/rooms-rates?brand_id=ALL&checkInDate=8%2F17%2F2026&checkOutDate=8%2F21%2F2026&useWRPoints=true&children=0&adults=1&rooms=1
31.03.2026 11:40,Ramada Encore İzmir,24 Ağu - 28 Ağu (Pzt - Cuma),✅ BOŞ ODA BULUNDU!,https://www.wyndhamhotels.com/ramada/izmir-turkiye/ramada-encore-izmir/rooms-rates?brand_id=ALL&checkInDate=8%2F24%2F2026&checkOutDate=8%2F28%2F2026&useWRPoints=true&children=0&adults=1&rooms=1
31.03.2026 11:40,Ramada Encore İzmir,31 Ağu - 4 Eyl (Pzt - Cuma),✅ BOŞ ODA BULUNDU!,https://www.wyndhamhotels.com/ramada/izmir-turkiye/ramada-encore-izmir/rooms-rates?brand_id=ALL&checkInDate=8%2F31%2F2026&checkOutDate=9%2F4%2F2026&useWRPoints=true&children=0&adults=1&rooms=1
